{"cameraMode":{"drawMode":0,"name":"Shaded","section":"Shading Mode"},"sceneLighting":true,"audioPlay":false,"sceneViewState":{"m_AlwaysRefresh":false,"showFog":true,"showSkybox":true,"showFlares":true,"showImageEffects":true,"showParticleSystems":true,"showVisualEffectGraphs":true,"m_FxEnabled":true},"in2DMode":false,"pivot":{"x":-0.013448872603476048,"y":0.009297193959355355,"z":-0.03425881266593933},"rotation":{"x":0.1903764307498932,"y":0.7658555507659912,"z":-0.2625862658023834,"w":0.55523282289505},"size":2.423724412918091,"orthographic":false}