{"cameraMode":{"drawMode":0,"name":"Shaded","section":"Shading Mode"},"sceneLighting":true,"audioPlay":false,"sceneViewState":{"m_AlwaysRefresh":false,"showFog":true,"showSkybox":true,"showFlares":true,"showImageEffects":true,"showParticleSystems":true,"showVisualEffectGraphs":true,"m_FxEnabled":true},"in2DMode":false,"pivot":{"x":-2.297778367996216,"y":0.01962590217590332,"z":0.12230382859706879},"rotation":{"x":0.05419868230819702,"y":-0.0553942508995533,"z":0.0030181643087416889,"w":0.9969913959503174},"size":7.362273693084717,"orthographic":false}